Recency,Frequency,MonetaryValue
1,7,4060.4
74,4,1195.08
18,1,1757.55
309,1,334.4
35,8,2506.04
203,1,89.0
231,1,1079.4
213,1,459.4
22,3,2710.63
32,1,6207.67
1,2,1168.06
57,4,6372.58
51,3,2662.06
286,1,189.9
2,10,5226.23
109,2,552.0
7,4,1248.3
290,2,641.38
3,1,168.9
50,4,3424.73
44,2,1887.96
71,3,1298.04
310,1,364.6
24,1,742.9300000000001
10,2,457.5
314,2,1628.12
129,1,3948.14
81,2,852.24
21,4,2724.81
4,5,1845.31
184,5,1798.72
28,2,585.27
337,2,358.7
15,6,2780.66
79,1,549.84
21,1,460.89
71,4,1582.6000000000001
63,2,821.92
18,12,2867.43
35,2,2409.9
45,1,1635.6599999999999
118,4,1038.45
302,1,84.3
322,1,225.6
49,1,427.7
148,1,1710.39
21,2,3415.3
49,5,1621.08
32,5,2888.55
78,3,10649.07
308,2,693.3299999999999
74,3,1226.88
66,3,758.1
216,3,562.41
24,16,60666.17
2,9,3649.1
112,1,668.58
63,1,600.39
15,4,807.04
95,3,803.5600000000001
0,8,1859.31
162,2,1608.3200000000002
77,1,777.2
194,1,582.73
21,3,765.32
25,9,7956.46
8,4,3700.0
42,1,256.4
35,15,5259.61
42,4,4359.32
0,7,12604.51
84,2,806.14
79,2,7120.450000000001
99,1,509.01
1,18,4873.41
13,2,2906.85
366,1,173.55
2,1,172.06
20,5,5005.46
21,1,133.4
57,1,1002.3100000000001
242,1,476.49
43,1,449.45
21,4,4067.29
155,2,197.88
10,5,8933.52
16,2,430.57
133,1,707.09
55,1,2918.34
72,6,2308.46
43,3,3181.04
65,7,2363.23
70,2,947.4
93,2,826.88
18,2,1189.59
52,4,1344.78
9,8,1212.05
16,2,742.1899999999999
187,2,729.5400000000001
1,30,19824.05
31,7,6572.11
28,5,3389.21
16,18,7375.79
53,1,723.38
15,11,6816.42
22,6,12829.74
3,1,680.99
10,1,527.2
27,4,2964.83
22,10,5596.32
16,8,2484.98
32,6,4541.72
9,3,1298.66
335,1,334.93
4,10,5417.93
38,1,460.40000000000003
62,2,263.21000000000004
165,2,433.74
15,7,1246.1000000000001
81,1,780.6
20,3,403.70000000000005
22,11,2296.54
336,1,2169.39
95,5,3723.87
17,2,482.04999999999995
232,1,73.5
133,3,686.4100000000001
25,2,398.27
283,1,176.5
142,2,982.5699999999999
65,2,138.03
112,1,612.29
266,1,1017.68
352,1,383.7
77,2,1208.38
27,5,2502.84
0,5,2056.89
63,1,340.84
78,5,2634.26
142,1,599.68
38,2,192.72
18,11,1789.77
8,8,4194.84
0,3,1316.66
81,3,348.71000000000004
8,6,1933.48
59,4,1662.28
14,1,125.22
29,1,349.83000000000004
130,1,1089.18
91,2,716.35
58,1,4279.71
28,1,363.95
21,4,5568.35
19,17,13400.24
29,3,981.18
35,1,372.7
74,2,1000.39
46,2,1161.5
197,2,207.79999999999998
165,1,95.19999999999999
78,1,964.83
357,1,168.0
38,2,437.82
7,10,3692.28
49,2,603.71
15,4,2501.34
7,1,269.96
310,2,561.71
4,3,2134.01
302,1,238.85
7,7,3781.7400000000002
260,1,456.9
288,1,145.92
85,1,351.65
22,10,9401.28
1,32,4124.69
39,2,519.61
8,2,1020.42
226,1,160.54000000000002
315,1,218.45
35,5,1315.83
34,3,657.8
20,2,2794.51
77,1,440.42
246,1,415.7
39,1,197.71
238,2,511.36
2,15,6989.78
3,9,2338.15
233,2,1901.86
16,1,196.94000000000003
7,1,144.0
38,1,214.89999999999998
28,2,646.68
210,1,8951.26
316,1,452.84999999999997
91,2,437.6
108,3,418.09999999999997
37,10,3338.2200000000003
50,2,618.27
18,4,3811.22
9,8,3023.08
28,7,1032.58
28,10,2599.04
189,5,577.0600000000001
58,1,153.12
21,1,739.1999999999999
78,2,254.18
59,1,1579.51
77,3,1126.85
22,5,2099.54
51,1,1049.32
73,1,704.0400000000001
56,5,3344.38
277,1,315.6
1,4,2291.19
94,2,713.3
28,1,355.53
21,1,177.31
15,9,2667.16
14,3,1339.41
1,20,12121.87
231,1,180.1
275,1,305.1
105,2,641.13
211,2,2683.82
22,9,6620.48
10,7,4470.53
3,3,786.46
9,2,1270.88
56,1,640.5
58,4,1951.98
89,2,1689.18
66,8,6021.9
32,1,671.69
238,1,486.1
23,3,1174.58
114,1,185.9
24,3,1013.26
127,6,1827.6000000000001
129,1,477.91
33,4,1775.18
4,2,1346.97
21,12,3722.82
154,1,318.05
106,3,614.87
2,1,314.44
334,1,114.0
330,1,919.98
148,2,2209.85
10,5,601.98
16,5,4051.17
10,4,1433.18
18,1,686.05
29,1,91.68
10,1,245.1
0,11,3849.78
7,9,4881.88
324,1,63.0
57,1,620.13
11,4,3807.15
150,2,1607.73
9,5,2996.05
329,1,225.89999999999998
4,2,610.52
38,4,1970.6
24,6,1331.39
41,12,12049.66
58,4,1113.02
0,4,862.81
14,22,13572.74
3,31,11686.78
3,15,8476.57
7,7,2161.59
27,6,2863.08
371,1,89.14
113,1,4873.8099999999995
25,2,1247.61
205,1,389.01
27,6,1035.8
126,4,855.91
69,2,869.67
6,4,582.1
28,3,957.59
7,4,4939.99
79,2,797.71
19,1,219.0
70,1,283.55
6,8,2340.84
14,9,6868.29
291,1,603.42
29,10,2712.91
14,15,9736.52
96,3,1149.02
28,13,4396.13
0,1,848.55
8,5,4708.86
105,1,353.86
3,2,1053.49
150,2,1030.98
70,1,238.25
4,2,644.95
2,25,5631.97
31,6,2656.13
84,4,997.63
3,5,725.07
4,4,1031.41
370,1,427.8
27,7,2572.62
10,7,3980.7
70,4,836.33
113,1,453.01
23,12,16412.85
179,1,236.26000000000002
233,1,383.95
352,1,110.39999999999999
314,2,779.5699999999999
332,1,183.6
371,1,155.35
77,2,1013.04
63,1,427.6
133,2,546.43
55,5,9363.89
1,11,4196.01
0,208,30278.53
3,5,4090.88
128,1,275.88
80,1,4366.78
22,6,19971.87
235,3,427.38
280,1,17.549999999999997
86,1,112.07999999999998
15,9,4257.7
116,2,2791.59
51,3,1531.44
7,2,1639.32
137,2,494.08
316,1,1693.88
3,7,6989.63
238,1,1143.6
210,1,1351.45
59,1,892.47
16,5,1386.04
19,6,799.55
37,8,3981.36
63,2,826.74
4,5,2330.92
1,6,2225.91
8,2,574.42
363,1,311.95
9,3,463.66
64,1,91.85
191,1,324.92
373,1,192.60000000000002
256,1,400.53999999999996
334,2,545.48
52,2,860.41
18,1,430.48
365,1,254.03
170,1,69.12
186,1,427.58
36,3,483.65000000000003
177,1,489.31
260,3,514.85
44,1,229.64000000000001
101,1,125.92
147,2,1063.46
95,2,572.2
280,1,166.04
261,1,747.2
2,4,942.34
213,1,92.72
70,2,948.88
74,5,1759.5
59,1,397.12
2,7,1474.72
5,3,430.15000000000003
2,6,1018.71
336,2,245.0
90,4,1961.1200000000001
261,1,215.05
31,2,383.03
144,1,417.38
282,1,312.38
58,4,2612.86
172,1,134.1
33,2,683.13
2,14,5591.42
143,4,2726.77
4,25,4022.35
69,2,1118.99
65,8,1702.26
28,2,325.96000000000004
266,3,145.29000000000002
21,1,871.54
30,2,1050.8899999999999
96,1,135.18
294,1,311.55
134,6,1957.1000000000001
78,3,1324.5
372,1,38.1
7,6,2179.93
210,2,1106.4
51,1,521.2
137,1,27.599999999999998
25,2,1568.23
282,1,559.12
25,7,4036.82
185,6,1607.0600000000002
83,2,380.64
326,2,599.97
281,1,374.0
57,2,2218.02
3,12,1535.77
235,2,854.99
44,3,573.22
275,1,298.0
8,2,1463.04
24,4,703.47
87,1,309.05
62,3,1175.22
67,2,1378.4
213,2,354.12
23,1,380.46999999999997
292,1,42.0
30,1,188.14
41,2,372.8
204,2,216.5
9,16,3064.92
264,1,138.68
17,2,509.58
11,5,2784.13
39,5,2178.67
22,8,3075.04
2,5,1662.3
4,5,2483.63
148,2,363.65
138,4,3006.15
127,1,594.0
7,6,1335.19
16,1,164.23
8,37,16587.09
160,1,405.38
63,1,176.97
87,4,781.0600000000001
4,2,694.05
34,5,2028.14
311,1,117.85
77,2,415.8
29,8,2053.22
23,3,607.53
1,7,2160.7
16,4,1063.9
14,4,1504.27
25,1,114.14
63,8,5921.52
54,2,913.54
130,3,683.9
35,2,604.51
287,1,462.95
143,6,1603.99
15,7,2064.95
30,8,4167.22
1,3,1699.0
8,6,1064.07
5,4,1387.79
9,1,329.85
0,11,4757.16
305,1,108.07
9,8,4017.54
6,2,266.39
7,8,1856.63
88,1,771.91
9,1,160.18
357,2,1660.9
111,1,135.95
6,4,452.24
3,86,10347.59
197,1,144.8
211,1,738.6
155,1,39.239999999999995
157,9,6398.58
29,2,372.21999999999997
242,1,390.54
18,1,97.5
0,2,1182.38
73,2,558.7
291,1,535.32
2,14,4731.71
30,3,409.5
22,2,503.76
22,4,414.76
3,3,974.4200000000001
84,1,211.32
21,4,1226.89
195,3,455.88
106,3,534.85
3,13,8726.7
317,1,120.94999999999999
105,3,149.05
11,18,5655.91
173,2,513.7
55,1,81.57
322,1,229.46999999999997
371,1,50.550000000000004
8,8,1661.8400000000001
0,13,4810.9400000000005
10,10,3466.2799999999997
52,5,3346.28
72,3,789.89
6,1,204.0
15,28,7277.7
3,9,2616.38
63,2,689.9
0,4,674.28
22,2,661.3199999999999
30,3,1247.5
10,2,799.48
51,2,1010.18
356,1,190.55
54,2,642.77
73,2,921.88
137,3,881.07
79,3,908.46
8,2,676.99
272,1,516.42
290,1,560.47
98,1,305.28000000000003
30,2,629.31
31,10,3237.54
13,4,1835.91
63,2,656.6800000000001
14,17,5836.86
211,1,348.15000000000003
77,3,1214.41
24,3,271.40000000000003
249,1,183.4
253,1,307.53
71,1,248.61
190,1,286.5
12,4,1119.49
372,1,205.86
23,2,470.8
81,1,115.46000000000001
9,2,344.0
0,24,4011.32
191,1,228.8
266,1,177.15
129,1,919.61
0,4,729.27
2,26,11341.94
3,5,220.10000000000002
178,1,58.08
11,11,28246.66
125,9,1980.91
3,2,303.75
157,2,416.08000000000004
2,96,55953.91
8,14,8910.82
27,1,345.82
70,5,477.83
275,8,7741.75
20,12,1622.0400000000002
70,1,74.39999999999999
32,10,6010.42
0,28,26489.4
233,1,101.19
0,24,6166.33
39,1,243.94
2,6,1098.48
132,1,76.5
43,4,1531.6200000000001
372,1,350.06
59,2,786.54
30,7,1488.67
0,24,10545.960000000001
11,4,2294.78
137,1,501.14
21,8,984.91
19,5,1197.81
238,1,30.599999999999998
268,1,283.73
93,2,922.39
89,3,3866.33
4,8,2099.64
77,1,259.17
93,1,64.0
22,3,1073.3
261,1,77.3
273,2,109.8
85,4,1793.58
55,5,2607.61
10,8,3650.41
21,6,962.39
15,7,5064.94
107,3,423.72
84,5,2388.75
18,1,307.09
332,1,110.95
39,4,618.52
25,1,228.91
9,4,712.8000000000001
28,12,3707.12
13,4,1676.06
295,1,1257.8700000000001
5,1,486.22
32,4,971.76
48,4,1741.22
94,4,1201.06
8,4,1437.85
21,1,91.8
312,1,112.75
121,4,1688.29
45,2,1021.48
282,1,417.2
18,4,749.57
35,4,1319.19
63,2,712.88
26,1,116.00999999999999
21,3,468.41
3,2,353.65
15,3,2817.03
45,1,492.84
64,1,282.45
25,11,5725.47
44,1,121.18
7,9,3957.78
14,10,1681.13
267,1,71.4
39,3,1575.89
336,1,236.02
10,1,114.60000000000001
18,2,260.68
94,2,911.94
60,1,117.88
135,1,60.7
10,4,1797.78
9,6,3401.2400000000002
3,36,7372.24
18,4,870.09
9,4,869.46
14,2,250.26000000000002
58,6,1223.9
29,8,5891.61
93,1,353.48
9,3,1197.42
19,3,788.08
56,5,1520.58
267,1,333.74
121,3,533.98
126,1,62.63999999999999
77,4,819.2900000000001
239,2,847.41
199,2,163.20000000000002
59,2,2100.27
2,6,4066.32
272,1,108.21000000000001
201,1,257.7
80,1,358.0
225,1,160.95
3,14,2763.41
12,7,1357.6
73,2,605.12
211,1,1031.07
24,2,744.85
16,4,700.73
261,1,329.56
95,4,663.65
111,3,270.40000000000003
202,1,600.07
92,1,121.74000000000001
50,1,430.5
17,6,1639.3
17,4,501.12
124,2,465.68
91,3,406.13
156,2,712.16
8,2,399.51
11,3,698.58
61,1,292.32
60,1,557.62
268,2,944.1
262,1,200.29
0,35,7454.07
52,5,1875.66
10,12,3544.1
2,19,4521.49
17,11,3214.69
0,15,5346.2300000000005
36,1,217.38
30,2,276.56
112,1,138.98
63,2,590.9300000000001
15,4,258.4
40,1,542.73
77,1,137.75
121,3,814.86
17,3,1132.14
59,2,93.66
330,1,201.19
22,4,2709.12
155,1,361.11
38,2,578.9399999999999
189,2,873.74
359,1,201.20000000000002
136,1,87.4
7,4,2089.85
0,1,360.0
267,1,142.5
168,1,371.89
103,4,618.09
154,1,63.75
350,1,300.42
3,10,2000.86
119,1,15.0
22,3,1325.03
6,5,1456.79
27,3,1132.03
3,2,598.57
21,5,1555.32
1,3,775.94
36,4,4275.41
65,6,2273.68
0,3,640.76
4,26,10845.550000000001
77,4,1548.7
71,2,335.36
16,1,199.48000000000002
2,5,787.85
35,10,4891.71
81,1,675.3
38,8,3627.77
315,1,1042.08
31,2,789.0
92,3,1140.93
13,1,350.9
81,3,3536.82
76,1,795.12
157,1,487.02
200,1,860.12
44,7,9371.04
260,1,775.85
177,1,353.43
67,3,2543.72
287,1,389.5
69,1,341.36
63,1,233.76
10,1,247.32
15,2,979.12
65,1,373.94
59,1,397.97999999999996
70,1,743.53
121,1,674.7
79,1,768.24
256,1,609.95
268,1,439.03
63,1,439.56
8,4,3090.7400000000002
17,2,992.5
70,1,134.95999999999998
33,2,2225.37
256,2,623.4
365,1,308.28000000000003
371,1,754.87
89,1,378.64
60,3,3312.25
88,1,778.65
98,3,1019.76
25,3,572.56
31,6,3639.31
280,1,222.99
30,7,3720.25
329,1,534.57
130,2,677.1
10,3,797.96
74,1,544.08
203,1,59.8
1,8,2520.02
184,1,299.08
28,2,1360.99
72,5,1544.13
191,1,457.34
126,2,621.23
17,1,75.0
0,2,252.49
73,3,572.451
1,62,26581.68
23,5,1003.06
106,1,213.55
133,2,568.5
43,2,712.5
4,2,640.83
11,18,6127.43
63,1,221.06
149,2,159.85
39,2,1851.08
63,1,2626.3
107,3,1624.21
0,10,3641.32
18,3,582.6
9,1,218.47
10,4,1006.8
18,2,679.45
66,2,1269.1
73,2,534.24
4,7,3660.85
1,1,196.89
13,7,3408.06
254,1,283.71
91,1,296.64
22,3,1129.14
16,6,3539.37
23,1,291.88
26,6,1940.04
25,5,2976.15
258,2,590.0
165,2,356.97999999999996
24,2,1058.34
17,6,1766.72
6,14,9646.57
28,2,183.44
38,3,1445.0
252,1,151.5
57,1,674.68
183,1,307.9
10,2,1083.71
1,37,5704.97
98,2,165.0
0,4,2531.58
60,2,422.64
235,1,229.59
190,4,1431.78
178,2,1238.47
37,6,1454.58
200,2,300.95
45,5,1804.56
231,1,184.64
65,1,140.34
240,1,313.8
232,1,454.24
77,3,1122.41
57,3,575.4
16,13,8968.31
104,3,291.12
51,10,1215.82
135,3,1269.84
274,2,358.35
311,1,316.26000000000005
7,5,2044.8700000000001
10,2,653.33
282,2,348.05
17,5,1047.75
22,3,1166.77
287,1,1340.32
16,3,292.0
70,1,216.85
63,1,295.93
72,4,4393.63
315,2,458.52
2,4,2479.16
243,1,110.97
8,6,829.84
0,4,1791.56
260,1,251.21
126,1,205.1
73,1,152.20000000000002
72,4,891.12
20,3,635.41
59,3,2128.42
85,1,659.4399999999999
77,1,122.75
58,6,3624.35
0,3,1093.65
29,1,125.80000000000001
32,5,3964.88
40,5,680.1800000000001
14,2,164.78
33,7,2287.51
78,2,307.76
204,2,483.8
33,1,210.31
182,3,270.79
1,25,5870.08
0,7,3448.29
42,7,1280.85
85,3,631.34
39,2,291.41
11,3,626.99
95,2,682.41
25,7,918.2
318,1,91.80000000000001
65,12,3740.07
73,4,4149.28
27,2,584.06
5,4,605.06
6,1,174.37
215,1,141.85999999999999
81,3,1799.33
83,2,777.53
353,2,1198.38
18,2,240.22
40,2,874.71
172,1,192.85
16,2,373.75
242,1,239.49
12,12,2092.32
205,1,1384.25
49,2,271.36
22,5,732.0699999999999
9,18,6717.34
24,4,1687.6000000000001
14,2,467.04
308,1,118.0
155,1,781.03
306,1,142.4
63,1,712.4
15,9,2478.95
14,2,379.65
10,6,1685.52
64,3,1117.13
35,4,247.95999999999998
107,5,2037.0800000000002
52,1,396.97
5,2,697.04
46,1,180.17000000000002
0,21,5153.67
311,1,219.52
44,2,693.32
64,1,428.89
25,1,164.34
28,3,280.53999999999996
39,1,678.01
11,7,1131.88
88,3,1171.8
23,4,1610.46
318,1,417.69
39,3,544.18
173,1,177.34
116,1,213.85
30,5,747.78
252,1,257.23
58,5,1434.95
22,11,5715.36
4,7,1879.1399999999999
99,11,3070.42
24,5,2121.27
32,5,1575.16
67,1,1071.03
36,5,949.12
51,3,810.5
15,1,122.64
73,1,795.74
215,1,354.8
30,3,519.44
15,4,2624.26
119,1,252.1
9,4,1678.1200000000001
256,2,346.6
16,6,1836.34
34,2,94.2
45,3,1095.08
42,6,2698.69
113,2,932.97
164,2,379.65
10,2,382.14
9,5,2639.17
205,2,1573.2
85,3,897.76
178,1,189.47
59,3,84.65
148,1,305.02
2,21,6160.07
50,2,218.55
74,1,349.7
300,2,186.39000000000001
18,2,396.92
150,2,486.82000000000005
151,1,215.32
0,4,3722.42
17,4,827.83
186,1,59.5
285,1,67.23
2,4,20.92
182,1,72.0
62,1,910.0
58,1,172.25
24,3,1488.32
3,47,38774.14
30,15,2504.13
38,1,151.29999999999998
154,1,308.58000000000004
25,10,2265.12
317,1,99.5
4,9,2308.06
7,3,711.86
302,1,330.79
266,2,806.41
270,1,296.88
3,13,6328.05
31,1,180.48
218,2,252.06
246,1,228.84
280,5,1079.34
268,1,138.28
31,6,1414.77
245,2,306.55
14,5,1041.68
116,4,720.7
35,1,524.14
131,3,2314.9300000000003
216,1,199.85000000000002
49,8,1980.56
38,2,1079.6599999999999
28,2,333.48
36,6,1016.14
135,2,752.6
218,2,610.59
27,1,491.86
24,4,2885.2400000000002
4,2,731.9
199,1,339.59999999999997
17,1,216.9
240,1,350.75
71,3,668.4300000000001
16,12,3131.02
2,7,991.8
94,2,1114.6
161,1,300.04
373,1,79.6
95,5,948.25
53,5,1647.26
287,1,296.25
123,6,1186.28
287,1,741.26
151,2,282.59999999999997
3,9,2161.35
1,14,4619.52
11,7,3130.07
32,2,659.4100000000001
53,2,286.79
49,2,1070.65
218,1,306.72
62,1,1714.96
70,3,1521.76
1,37,15389.960000000001
1,10,2796.51
63,4,2634.45
33,3,1132.13
81,1,345.0
0,27,10751.44
102,1,178.7
6,2,274.21
250,1,127.84
12,6,912.0
9,8,1935.75
366,1,230.39999999999998
75,2,309.04
3,1,348.8
127,2,1226.0
65,2,195.55
0,55,31102.87
116,2,688.86
309,1,558.32
66,1,324.8
138,3,4057.42
254,1,277.07
30,7,2635.79
51,2,542.48
63,1,256.38
366,1,112.6
5,5,1747.66
304,1,155.05
28,2,899.51
183,3,814.5
41,3,539.0
39,4,1366.8600000000001
91,2,1579.12
21,4,3966.88
23,2,571.6700000000001
28,2,382.98
301,3,938.75
144,2,385.64
5,2,632.0
18,2,957.66
32,5,1698.94
175,1,189.5
57,3,412.05
21,1,209.49
15,6,1876.59
18,1,52.199999999999996
158,1,384.8
24,4,834.57
211,2,271.24
5,4,691.73
252,1,85.0
58,9,3385.62
10,1,361.62
64,1,312.98
24,3,865.0600000000001
297,1,135.0
51,2,1537.95
128,1,1595.48
95,3,1763.46
56,1,1090.14
8,25,7935.5199999999995
168,3,294.9
56,1,216.17
325,1,201.16
0,5,1245.9
17,8,2209.36
247,1,305.78
57,4,501.56
73,1,145.67000000000002
30,3,1015.29
38,1,507.54
122,4,3104.95
1,8,2770.94
22,13,6403.25
119,3,389.6
357,1,540.45
53,5,1786.79
63,1,122.7
85,1,117.24
54,1,1281.53
20,13,3219.77
3,19,11315.68
2,5,1191.13
10,5,2674.48
6,5,787.6
188,2,506.8
70,1,243.56
203,1,349.55
119,2,605.63
92,1,416.90000000000003
0,10,1883.8100000000002
26,4,518.13
297,1,821.1
23,3,564.62
27,4,2593.07
49,1,311.16
325,1,155.93
15,2,388.52
182,3,740.95
71,5,2867.2
36,2,332.64
79,4,2244.75
56,9,2288.11
11,2,626.45
49,2,272.04
49,2,828.84
58,2,384.81
351,1,172.25
53,1,351.13
1,6,1838.8500000000001
92,4,678.25
22,1,223.85000000000002
74,1,348.99
10,4,464.57
168,2,842.65
57,2,337.34
95,2,1237.53
294,1,307.4
108,2,608.7900000000001
263,1,922.1
179,1,376.58
168,1,158.85
34,1,71.66
22,3,568.55
16,4,839.14
21,5,4127.28
78,3,496.04999999999995
64,1,90.6
360,1,102.0
2,6,2427.32
10,4,745.06
175,3,651.65
217,2,3251.071
6,2,265.68
1,2,439.92
153,2,322.96
4,5,1026.42
78,3,598.2
20,2,230.22
21,2,169.55
307,4,664.54
145,1,80.7
6,18,9053.94
18,8,2758.26
70,2,190.25
286,1,264.7
48,1,413.59000000000003
30,6,2526.28
206,1,357.98
14,2,196.79000000000002
72,1,869.87
59,1,200.14
38,4,1871.81
29,12,2603.43
26,4,488.03
3,15,7060.13
16,1,239.82
19,6,4147.96
65,2,1029.92
212,1,311.3
11,6,855.97
29,1,76.8
42,9,3466.36
3,6,2313.14
14,5,1393.69
9,12,3901.81
210,1,500.3
45,3,2043.0800000000002
133,2,521.09
42,7,4582.64
9,5,2521.92
115,3,962.19
197,2,695.61
277,1,328.8
109,3,473.02
76,1,505.18
52,1,917.34
161,4,4341.21
46,3,1369.77
16,2,642.8
154,3,631.9
224,1,440.0
6,2,584.07
121,2,327.7
60,1,104.82
62,2,467.66
17,8,2360.09
6,17,12308.78
1,11,2975.59
21,3,651.8199999999999
28,5,1428.02
284,1,626.65
175,2,147.20000000000002
77,3,1560.38
32,1,152.2
40,12,3614.92
265,1,141.41
26,4,652.82
108,2,1090.8
283,1,154.99
8,5,1308.6100000000001
304,1,409.93
16,4,5681.72
31,2,746.36
0,23,15610.390000000001
19,1,225.36
123,2,260.25
64,1,92.46
105,1,725.6400000000001
0,23,8214.65
23,16,5831.32
266,1,183.6
4,19,5643.62
9,12,9545.65
28,5,1042.7
266,1,152.55
63,2,374.7
319,1,265.85
3,8,1438.82
31,1,151.04
4,3,942.26
128,1,122.47
40,5,499.41999999999996
101,6,1049.37
124,1,375.1
32,1,45.599999999999994
301,2,934.52
364,1,182.25
3,8,1004.03
1,18,4448.54
2,1,194.42
9,13,50491.81
56,1,161.0
324,1,76.32000000000001
7,14,4076.91
11,1,442.85
3,17,53741.13
36,1,147.35
15,11,3104.17
137,1,194.9
73,6,2839.19
4,5,1360.28
154,2,216.20999999999998
238,1,1266.23
51,7,2703.23
30,2,597.91
72,1,144.2
3,12,5683.15
13,4,613.65
22,7,2915.15
3,4,1840.42
273,2,386.53
19,5,1382.74
143,1,90.0
3,4,2780.15
83,1,28.080000000000002
10,3,2740.43
7,3,400.85
122,3,709.71
60,2,637.5
1,5,1123.8600000000001
318,1,483.86
1,11,3515.83
129,3,605.64
1,15,4175.91
1,2,982.3800000000001
45,1,415.82
3,2,935.05
2,4,915.13
372,1,311.81
133,1,115.8
46,3,2554.2
8,5,4191.0
77,2,483.4
233,1,157.2
220,1,446.62
35,2,658.64
74,2,621.29
238,2,1345.62
265,1,118.75
9,53,69066.18000000001
19,2,432.88
39,1,507.66
19,11,4693.01
215,3,1110.52
173,2,289.36
86,4,2445.91
80,1,1273.77
275,1,122.53999999999999
38,4,574.84
97,1,363.79
10,4,450.84
32,1,134.46
59,3,3222.3
296,4,576.9000000000001
85,4,559.41
8,7,1620.93
40,2,719.78
10,25,4748.52
66,1,452.89
330,1,197.65
30,6,2054.36
1,15,4636.8
1,13,4684.76
67,2,853.39
4,21,11349.52
201,2,375.20000000000005
106,1,335.52
17,4,701.4
217,1,185.39999999999998
59,7,747.44
1,1,161.03
16,2,466.7
238,1,328.15999999999997
94,1,151.74
10,6,2073.43
105,6,1905.8400000000001
52,9,2241.1
89,1,527.6
30,5,1004.38
11,6,1789.72
2,4,1839.3
1,17,2004.98
42,1,169.48000000000002
3,1,89.94
246,2,632.4
41,9,3432.8
176,1,683.17
91,3,991.13
109,4,1050.12
28,5,1906.59
25,10,3350.96
51,3,1547.2
183,3,925.71
42,5,2048.07
48,4,1230.72
21,4,775.46
74,5,3144.86
80,2,490.86
372,1,161.0
325,1,146.85
42,11,2380.85
29,2,890.34
183,1,213.70000000000002
234,2,280.55
8,10,2588.77
219,2,1693.45
110,3,1474.06
277,1,136.76999999999998
317,1,302.58
6,3,1904.05
1,5,2879.7000000000003
259,2,969.0600000000001
63,5,2850.12
8,9,11206.220000000001
141,1,120.0
50,2,1163.45
7,8,2618.23
154,2,333.97
108,2,530.18
162,3,1516.24
331,1,492.65000000000003
225,1,112.32
73,2,437.96
50,4,559.97
98,3,1119.74
14,3,3957.0
196,1,134.04
2,15,3729.34
30,2,595.25
20,4,1910.01
23,3,4628.75
7,2,159.35
212,1,426.6
8,6,911.26
10,5,2314.65
1,11,3883.25
7,9,4871.93
2,4,1046.56
39,1,166.20000000000002
17,4,1305.33
7,42,47009.75
7,9,3861.94
18,1,43.2
116,1,575.34
222,1,383.45
70,3,1858.96
50,2,1633.64
88,6,2995.72
7,9,2214.29
242,1,310.26
46,6,1611.59
106,1,120.0
44,6,2481.13
64,1,508.58000000000004
206,2,477.79
10,5,1530.75
114,2,605.0600000000001
241,1,183.85
162,1,311.65
16,7,4954.36
123,2,462.65999999999997
22,3,866.31
67,1,415.2
16,8,2552.21
15,2,468.26
16,4,1614.91
160,2,588.22
242,1,309.52
218,1,134.7
44,8,2182.28
20,4,668.5600000000001
126,8,889.9300000000001
38,1,108.97999999999999
120,2,1021.58
259,1,409.57
9,1,133.5
273,1,282.93
164,1,51.0
156,4,1078.96
214,1,90.6
5,2,163.62
365,1,174.4
79,2,701.23
42,1,225.77
18,3,912.18
31,4,2128.23
21,1,161.2
108,8,3590.15
7,16,9261.52
319,1,155.0
294,1,100.5
357,1,76.55
184,1,257.68
190,2,617.05
43,2,348.1
51,1,202.68
25,1,605.11
37,3,1247.69
8,3,202.11
296,1,142.4
32,3,1770.56
9,8,3212.84
64,2,1043.46
9,9,4652.82
217,1,67.95
1,9,3507.71
64,2,487.99
2,19,2509.2799999999997
148,1,574.7
3,13,3995.32
129,4,1430.45
33,6,1465.68
118,1,156.75
106,6,2088.13
10,7,2606.53
70,6,1891.69
91,9,1105.07
310,1,1063.0
42,2,770.03
361,1,122.7
91,7,1441.3
0,13,5900.28
21,2,275.42
3,3,1937.25
10,6,1058.06
98,1,387.52
56,2,813.11
0,6,4263.64
217,1,265.2
17,1,322.08
23,10,4229.67
49,2,363.34000000000003
6,5,1244.83
302,1,470.36
9,6,2255.51
21,6,1372.8
98,1,89.06
365,1,63.0
305,1,131.9
319,1,2661.24
7,5,2357.6800000000003
0,4,1712.89
204,2,1589.82
53,4,1420.2
0,4,1039.58
18,5,1163.23
8,2,375.35
18,4,907.1
180,3,483.25
59,2,662.59
10,2,264.44
189,1,119.93
4,9,3062.4
310,1,113.64
154,1,1837.92
109,3,392.58
147,3,2103.06
65,11,2004.02
97,3,529.62
246,3,1058.6200000000001
28,7,2272.4
17,4,598.76
11,2,461.19
103,8,1936.84
73,2,234.34000000000003
45,1,547.66
71,3,925.85
256,1,215.7
19,4,1309.6
253,2,316.25
10,1,279.05
164,2,636.51
17,6,1924.15
281,1,137.1
49,1,321.92
38,1,165.75
26,6,1196.33
67,1,939.48
206,1,463.38
174,2,340.93
6,5,2383.2400000000002
25,1,139.56
50,2,123.8
311,2,538.8100000000001
308,1,475.37
42,5,1957.32
25,3,815.32
87,3,356.85
183,2,251.21
19,11,2470.67
2,6,3543.26
46,4,673.26
16,8,5905.64
16,5,2012.17
23,6,1383.18
21,2,276.42
10,5,1314.81
187,2,275.28
206,2,317.35
60,3,1055.35
17,6,2102.09
32,2,330.45
63,1,174.37
1,2,270.6
23,4,974.54
107,1,241.09
31,9,1867.68
19,9,4230.2
2,55,8508.82
36,1,364.21999999999997
59,3,620.04
25,6,2818.81
235,4,932.85
24,7,1583.72
2,18,4447.05
59,3,2864.19
259,1,171.8
57,1,355.56
64,2,388.25
15,2,537.48
9,3,996.26
58,8,1461.65
185,1,103.25
28,16,3630.33
23,2,1920.77
4,5,2578.09
3,8,4007.54
150,2,652.8
310,1,289.24
10,2,765.62
17,2,186.23
151,1,165.07
18,5,859.27
9,4,2381.04
56,2,324.14
84,1,788.38
6,20,2086.57
75,3,1080.76
3,18,5074.77
95,4,3099.12
56,2,1530.3600000000001
0,1,227.39
280,2,218.06
2,7,2832.84
179,9,1653.42
371,1,35.400000000000006
12,4,859.71
2,1,168.63
16,1,138.6
40,1,114.11
5,5,1052.55
168,4,1042.26
49,1,157.05
276,1,237.36
18,9,1601.14
371,1,39.75
14,4,1447.14
34,3,570.46
21,3,617.99
6,2,379.83
19,6,1740.6
10,2,883.15
43,1,221.97
305,1,393.33000000000004
10,1,213.96
0,93,12156.65
15,11,8844.54
3,4,1785.15
242,3,406.08000000000004
8,3,553.44
245,1,394.44
205,2,412.78000000000003
0,5,1788.3600000000001
184,1,320.58000000000004
31,5,889.25
56,2,225.85
195,2,899.63
23,4,2791.27
90,2,671.96
3,2,959.01
50,3,1006.98
262,1,114.56
265,1,344.90000000000003
35,2,609.85
50,1,443.6
51,6,2984.49
23,6,2125.08
21,1,110.46
58,1,96.12
169,2,693.8100000000001
67,2,830.76
156,2,597.09
1,65,150288.0
200,1,243.22
4,4,1387.05
66,2,654.6
76,1,114.18
0,7,1947.55
7,4,1932.23
168,2,291.05
17,4,848.22
4,2,247.15
8,9,2529.93
86,2,285.74
26,1,107.95
28,4,771.17
19,2,637.89
60,5,1835.7
23,1,195.25
10,25,9180.72
241,3,1269.99
279,2,411.53
234,2,765.55
2,5,1736.4
15,1,604.75
30,6,2259.4
24,16,25633.61
70,3,498.95
187,2,52.0
25,5,1236.28
106,1,549.18
7,21,5580.47
208,1,112.8
43,2,371.7
30,5,2114.33
136,4,591.55
264,1,172.9
3,7,2078.95
217,2,188.60999999999999
1,5,1250.76
213,1,109.13000000000001
31,3,2235.3
10,9,2549.37
0,17,3292.14
14,1,318.17
10,9,1546.91
198,1,179.0
2,3,988.13
14,13,4921.04
13,4,606.13
9,11,2868.8
28,3,917.07
8,11,2666.36
23,1,79.55
24,4,867.38
42,2,279.28
1,5,1602.13
5,3,663.81
146,1,187.92000000000002
9,6,1158.3
24,1,640.08
273,1,268.58
373,1,313.49
0,8,2005.06
46,3,380.02
7,8,2702.4900000000002
15,12,9585.91
3,32,6065.69
3,3,1164.55
42,7,1314.45
3,7,3132.84
196,3,1448.21
11,6,1306.74
15,7,1099.98
112,5,1220.26
248,1,328.2
28,5,1415.75
43,1,180.84
86,1,563.15
44,2,638.05
9,11,5010.28
14,1,738.96
74,1,420.5
144,4,1484.06
4,3,1625.97
296,1,89.2
58,2,255.9
263,1,300.52
46,1,278.3
28,3,254.11
7,6,2473.37
16,2,192.60000000000002
2,8,10509.75
231,2,876.42
111,1,139.26
57,3,1011.9
50,11,2538.3
126,2,730.86
280,3,386.15
54,2,447.68
319,1,200.10000000000002
25,2,289.99
9,2,77.4
6,2,679.4399999999999
28,1,197.64
16,4,745.06
63,1,6.2
20,1,228.99
2,7,1319.91
165,1,131.45000000000002
0,17,8022.49
52,3,173.74
50,1,157.7
47,12,4325.34
60,1,193.14
161,3,845.55
8,1,353.27
14,4,554.65
74,1,193.39000000000001
39,8,2702.29
40,11,2087.88
369,2,155.43
36,2,778.5
196,1,271.85
199,2,1110.34
73,3,657.8
63,2,272.07
20,4,507.29
366,1,48.800000000000004
179,3,321.43
9,4,1127.71
3,12,2226.91
196,3,1354.72
28,4,697.55
52,1,197.13
17,6,1720.3
9,3,102.44999999999999
89,4,1640.86
267,1,62.85
52,6,3295.76
43,4,2824.69
63,4,2831.81
148,1,309.4
21,25,7851.34
311,1,325.75
22,2,511.35
57,6,2836.69
23,2,475.8
77,7,2759.83
118,2,645.65
35,3,1311.3799999999999
59,2,1173.12
12,4,1353.74
18,1,170.32
51,1,125.79
25,2,841.1999999999999
28,1,266.76
6,2,52.2
10,11,9407.98
185,3,710.28
2,8,2953.59
8,2,725.7
261,1,327.25
2,4,522.38
209,1,519.68
107,2,1465.3200000000002
12,9,1485.54
76,3,706.19
19,1,255.4
26,2,589.7
18,6,761.59
131,1,664.52
252,1,364.8
78,1,72.0
206,1,369.2
335,1,135.9
253,1,125.65
147,2,554.38
9,2,1237.8500000000001
84,1,655.75
7,20,11073.91
204,2,468.77000000000004
7,4,1366.38
22,6,1122.08
10,9,1421.29
25,1,332.66
20,5,2810.63
1,2,913.12
157,2,616.15
2,7,3501.1
73,1,277.8
2,4,434.35
0,198,129618.84
16,2,811.6899999999999
35,4,1227.43
90,2,307.48
70,4,1268.98
115,2,1610.15
212,2,977.77
29,2,1316.07
50,1,749.1
245,1,310.05
31,1,223.88
108,3,2372.86
4,5,1257.68
365,1,363.53
81,2,1890.94
296,1,1520.1599999999999
33,8,8137.02
56,3,1621.88
29,12,5900.25
13,1,100.9
71,2,290.82
22,6,1101.97
18,1,371.2
78,1,311.69
59,11,7535.49
24,1,289.82
11,1,336.17
252,1,58.49
146,3,499.68
63,4,695.42
7,2,221.27
10,9,7044.68
270,1,126.7
9,5,1487.8
246,1,206.21
95,2,599.0
14,1,191.32
49,1,463.8
29,1,147.59
67,4,1592.06
34,3,1116.57
127,1,114.77
106,3,1314.45
36,1,114.39
56,1,279.94
56,7,790.86
71,5,1931.42
245,1,102.12
18,2,213.27
197,2,296.75
15,2,326.4
211,1,334.54
38,2,233.23000000000002
45,3,455.47999999999996
169,2,429.87
47,1,490.52
115,4,1641.76
146,1,1246.32
15,28,6316.57
50,1,502.09
158,1,156.91
11,3,1261.78
35,1,308.94
53,2,423.04
42,2,260.17
172,1,170.04
33,1,125.58
38,3,496.21000000000004
266,1,266.0
8,9,1914.82
11,4,905.04
2,11,6802.76
9,10,1661.33
32,1,377.01
79,3,469.0
30,4,916.15
7,4,627.13
71,2,423.48
3,4,668.14
255,3,3639.1
4,10,2586.67
15,8,4308.61
89,1,252.73000000000002
71,3,465.55
58,6,705.49
9,47,19511.24
169,1,180.35
198,1,135.93
30,1,537.0
18,17,7700.2300000000005
151,2,735.66
8,15,4509.69
269,1,343.62
64,4,384.05
273,1,121.17000000000002
24,3,1782.09
22,3,1305.81
318,1,215.78
4,3,697.79
11,2,302.1
274,2,1489.5
24,11,2124.9900000000002
40,9,1337.72
7,4,303.09
3,47,34218.9
70,4,987.86
212,1,370.79999999999995
37,4,3158.13
52,1,893.59
77,3,1744.76
45,2,553.36
178,1,1109.53
372,1,106.2
93,2,982.07
9,3,1043.41
104,1,748.87
77,1,722.63
172,1,880.85
6,32,9743.11
212,4,895.61
21,5,504.8
256,1,88.2
281,1,246.46
20,2,1160.07
9,6,2420.84
307,1,381.32
67,1,480.71
214,2,457.81
17,6,3957.9
103,4,1370.6
42,1,219.39000000000001
3,1,248.08
181,1,297.0
83,1,410.48
333,3,876.0
8,2,317.53
30,2,703.36
196,2,1027.44
17,7,2298.93
17,5,1422.52
310,6,319.5
141,4,1300.25
245,1,484.95
23,4,996.1
28,3,1567.48
9,3,3525.81
29,10,2760.56
17,1,340.11
17,4,1352.75
14,5,1199.78
245,1,266.4
133,1,358.82
49,2,457.72
113,3,1633.78
6,2,2199.31
22,2,184.19
24,15,10888.64
65,1,406.53
59,4,1471.0
49,11,3343.72
169,1,330.11
17,5,977.9300000000001
127,3,982.42
14,8,1387.99
238,1,139.05
2,4,1286.7
239,2,178.96
51,7,2224.65
45,1,498.74
225,1,259.45
7,17,6580.44
3,4,1194.73
164,2,1327.16
239,1,623.5
10,1,301.29
133,1,520.8000000000001
16,10,5314.47
9,13,4745.69
30,1,329.25
74,1,296.42
0,3,961.49
3,3,1936.07
44,1,401.40000000000003
1,30,18641.010000000002
356,1,158.16
17,2,304.47
68,3,843.05
372,1,487.75
320,1,163.0
25,1,106.56
330,1,1289.5
8,5,1624.05
322,1,135.75
71,1,224.14
259,1,40.5
17,5,2042.79
366,1,87.5
65,3,689.4799999999999
153,2,622.85
28,2,406.76
69,1,310.62
13,2,411.41
1,16,4712.38
0,41,14627.47
119,3,1044.32
60,1,499.32
2,15,7249.53
10,3,1079.6100000000001
91,2,193.64
58,4,1268.7
86,5,1236.54
25,6,1827.8
356,1,316.58
84,2,653.24
9,4,420.29999999999995
0,5,870.12
224,1,331.18
59,2,894.4100000000001
240,1,101.8
318,2,328.35
1,8,1661.44
46,3,734.94
87,1,96.6
10,11,4708.89
175,1,305.75
51,6,1709.36
365,1,403.25
318,1,585.0
225,2,755.75
357,2,322.08
233,1,409.40000000000003
310,1,154.41
36,5,1219.4
65,4,3084.31
238,2,429.6
112,2,612.06
276,1,197.0
217,12,2247.51
298,1,321.05
1,4,1412.32
28,3,1071.99
9,2,780.59
44,5,1706.57
66,8,1756.44
73,1,316.68
64,2,631.57
133,3,2515.84
237,2,514.15
121,1,356.0
31,13,6688.46
8,10,9000.99
35,2,740.78
15,5,918.1999999999999
126,1,300.36
66,1,890.85
148,1,98.45
282,1,317.15
168,2,623.16
99,7,1810.77
134,1,254.82
323,1,178.95000000000002
106,1,156.51
63,1,393.74
150,2,1506.1200000000001
337,1,119.3
21,5,1315.6
23,1,408.8
15,7,1726.69
6,15,2507.07
56,2,721.94
3,2,681.77
37,1,615.14
65,1,135.31
46,1,255.89999999999998
354,1,290.51
171,1,113.12
58,9,2332.15
49,1,240.55
21,2,414.69
42,5,2306.52
28,3,939.78
4,18,7793.46
25,14,4272.3
200,1,180.94
50,6,3672.86
9,3,641.94
1,11,3809.9
371,1,527.85
63,1,496.44
50,11,4447.85
289,1,574.02
60,8,694.4000000000001
63,3,1174.35
95,1,205.3
273,1,310.47
0,91,56056.48
74,4,924.85
109,1,52.0
198,1,327.97
63,2,570.5
326,1,165.0
3,1,312.62
283,1,204.5
43,1,197.53
70,3,2748.31
85,1,679.68
103,1,162.29
333,1,311.71
52,1,208.75
38,3,1049.7
31,2,250.55999999999997
365,4,1661.06
207,1,1028.56
156,3,351.67
53,1,173.97
65,2,574.07
80,1,2020.52
129,1,406.09
86,1,364.5
0,3,563.94
45,1,393.54
332,1,252.42000000000002
365,1,201.60000000000002
71,1,158.04
157,2,473.81
372,1,115.65
11,7,1960.1100000000001
254,2,777.02
28,2,277.05
30,10,2766.5
4,22,8166.24
39,1,427.93
361,1,215.4
372,1,326.0
95,2,913.19
25,7,2314.32
74,2,602.51
56,4,1877.59
20,1,167.70000000000002
40,7,2386.05
136,1,1296.52
7,12,2415.91
128,1,76.2
39,3,1233.3600000000001
168,7,3703.29
8,5,1690.2600000000002
213,2,596.85
14,6,5913.95
169,2,642.41
39,1,316.88
185,1,394.14
269,1,140.54
4,4,1535.53
15,2,231.86
9,4,2183.54
325,1,107.45
112,1,288.18
289,1,94.0
15,2,1345.53
0,3,815.77
91,5,716.2
148,2,536.05
188,1,349.1
30,2,510.71000000000004
33,4,1056.44
263,1,267.18
83,8,3450.84
25,4,1358.88
170,1,190.53
9,3,774.9000000000001
312,1,572.8100000000001
64,4,3984.32
84,1,508.8
24,1,135.86
58,4,950.36
322,2,97.7
37,1,43.5
253,2,322.86
18,5,1447.39
32,3,1483.14
14,1,93.78
26,2,397.35
22,1,171.19
213,2,533.3
7,5,1041.48
21,1,149.29
11,3,1122.53
261,1,200.16
130,1,156.57999999999998
54,3,383.68
248,1,594.0
1,7,3236.91
8,2,1418.26
263,1,113.5
330,1,155.17
312,1,494.64
25,3,974.52
29,1,429.84
29,3,538.73
1,7,1388.37
361,1,179.1
282,3,416.98
261,1,237.07
24,1,161.64
353,1,216.76
93,3,234.6
28,1,126.14
337,1,1048.85
19,18,7048.62
84,1,334.53
8,3,524.88
50,2,467.51
49,2,538.55
1,1,469.48
112,1,371.56
13,6,1465.2
76,1,454.10999999999996
39,2,1441.42
115,1,905.5
15,12,9590.56
160,4,233.81
0,4,3478.15
29,3,2575.0
92,1,91.32000000000001
22,3,1134.28
94,6,3100.09
27,2,659.4599999999999
32,5,2001.8
20,2,1299.23
17,2,936.6
2,27,13316.4
7,4,1131.56
15,11,6352.98
362,1,147.09
80,1,52.83
52,5,3610.96
22,3,979.26
171,1,492.36
188,6,1000.27
330,1,250.0
11,5,909.23
155,2,121.0
32,18,14215.18
11,11,3391.62
44,3,62.43
232,1,267.03
63,8,1942.45
1,1,320.7
39,8,3000.2
32,2,398.84
83,1,412.01000000000005
24,1,440.0
1,3,825.92
32,2,148.44
18,8,2429.78
253,1,229.33
22,11,3995.23
21,4,1502.35
7,2,2007.44
24,4,1580.93
18,3,807.57
172,4,536.4
162,1,110.92
6,1,538.46
10,1,213.3
113,1,85.13000000000001
287,1,127.86
8,9,3546.71
53,2,292.71999999999997
6,14,4753.24
76,3,1693.26
3,4,575.63
36,1,436.06
216,1,90.12
59,1,437.23
277,1,217.2
11,16,4805.17
23,1,279.77
28,1,473.65000000000003
11,4,800.59
351,1,134.55
21,4,1386.04
49,2,173.16
18,1,186.01
2,3,758.29
103,5,1375.71
6,12,4165.52
11,4,650.4300000000001
4,7,2552.86
31,2,607.45
177,4,702.25
37,1,940.6700000000001
150,3,258.88
161,1,127.1
68,2,348.6
121,12,1179.97
24,3,682.9100000000001
23,4,725.11
176,1,455.3
49,4,913.6800000000001
255,3,478.53000000000003
46,1,388.58
70,1,199.8
15,5,1771.78
100,5,1406.59
34,1,324.57
52,1,240.68
26,2,761.74
10,14,6776.56
7,9,1297.8700000000001
78,1,48.480000000000004
51,1,216.39
35,5,1198.23
60,9,2920.16
336,1,104.76
27,4,1093.68
183,1,298.48
51,1,112.46000000000001
9,13,1376.65
35,2,195.15
9,23,10399.74
32,4,776.851
10,1,336.40000000000003
56,3,1553.18
3,4,1293.03
42,9,3709.56
140,1,301.03
116,4,588.13
103,4,1534.26
74,2,675.8
4,9,2870.2400000000002
44,2,1186.35
15,8,3285.31
16,1,243.55
89,2,724.76
52,1,223.36
133,1,425.32
3,15,12051.66
104,4,1887.2
191,3,664.0
165,4,813.0
18,1,612.01
157,3,447.64000000000004
203,2,657.35
335,1,306.0
36,3,646.3
90,1,337.74
115,1,48.0
8,2,922.53
242,1,560.67
44,4,748.5
22,1,30.0
189,5,1024.1000000000001
43,1,306.45
24,9,1600.86
316,2,135.8
105,1,138.14
50,1,386.43
167,2,2242.01
39,1,301.32
217,1,76.32000000000001
39,4,684.34
296,1,173.05
18,7,2309.37
87,4,2881.02
72,5,2446.6
80,3,315.05
18,3,3435.76
48,1,657.23
52,1,352.7
23,4,781.28
8,3,1333.68
24,5,1426.16
116,1,193.75
8,9,2993.1
119,2,254.1
3,2,239.76
251,1,136.8
27,1,191.04
7,13,5934.36
266,2,409.98
32,8,2736.46
17,1,309.65
171,2,696.68
1,4,1542.14
264,1,211.5
139,4,2293.62
200,1,143.1
63,4,1060.56
34,4,945.58
40,7,3364.2400000000002
283,1,133.25
8,5,1072.3600000000001
142,2,356.7
11,2,330.88
145,4,1118.81
233,1,150.3
32,13,5045.61
23,1,598.73
11,1,507.08
35,5,1991.5600000000002
364,1,203.1
200,2,218.25
14,1,415.25
16,7,5178.96
212,1,85.0
65,3,1120.88
211,2,294.12
282,1,162.3
114,2,1339.45
14,8,1205.1200000000001
18,16,4812.42
65,1,343.52
48,1,154.88
15,4,784.46
77,1,34.8
18,4,1094.59
133,1,196.88
12,3,974.04
39,1,149.31
2,8,2465.48
39,7,2637.38
50,3,458.57
9,6,2364.25
60,4,532.96
65,2,714.42
24,1,205.25
217,3,253.04
64,2,583.75
31,2,1086.92
87,6,3279.97
63,1,315.06
115,3,621.8299999999999
6,16,6084.5199999999995
5,1,147.52
68,1,270.8
244,1,104.9
132,1,241.62
240,3,761.51
183,3,475.28000000000003
24,3,345.46
9,3,2315.2200000000003
10,1,246.3
32,5,2328.9700000000003
45,3,4932.2
25,3,948.05
357,1,351.3
9,1,220.85
43,2,1612.69
14,3,750.81
149,1,610.01
0,8,2711.56
304,2,1243.8
75,3,884.14
106,2,699.08
45,3,1063.95
142,1,451.42
50,1,415.82000000000005
0,13,4206.39
22,17,5528.4800000000005
45,3,784.58
49,3,903.9
305,4,3734.9700000000003
35,5,515.77
78,4,1391.98
21,6,2218.62
106,5,1629.7800000000002
207,2,1303.9099999999999
16,4,1788.73
63,4,1586.52
48,4,1905.45
319,1,206.98
43,2,570.96
2,2,885.47
371,1,15.0
171,1,532.94
55,3,1654.31
72,14,1836.0900000000001
98,2,636.14
37,1,576.0
57,3,767.2
253,1,836.79
69,4,2233.75
43,4,954.09
49,1,137.37
64,1,391.98
10,19,16794.88
32,3,1048.49
58,2,355.56
72,4,1224.06
303,1,118.95000000000002
45,1,130.73999999999998
17,8,3711.77
37,2,328.79
18,2,238.85
186,2,160.71
51,1,110.8
3,12,2974.65
136,5,712.24
3,27,15488.210000000001
18,1,297.0
15,5,1438.85
40,8,977.21
11,8,3165.36
7,4,810.2
25,2,68.84
66,4,1173.1200000000001
40,3,895.13
100,1,230.53
4,15,3812.64
276,2,149.64
32,1,354.09000000000003
14,2,360.93
63,7,4078.88
1,2,493.28
368,1,343.28000000000003
311,5,501.39000000000004
198,4,516.36
1,2,396.48
92,3,379.35
59,1,181.09
80,1,168.31
156,2,446.87
226,1,524.52
252,2,263.55
149,1,179.17
193,2,111.55
0,5,1388.88
368,1,56.25
23,1,351.11
16,3,363.88
9,7,5126.76
7,1,164.68
19,7,1567.69
3,3,967.45
173,1,191.94
0,8,1232.18
177,2,264.62
15,8,1528.09
247,1,123.1
190,2,334.23
19,2,639.89
153,4,167.5
172,1,336.03000000000003
372,1,369.5
372,1,127.08
193,1,207.15
66,1,426.63
3,8,2495.87
20,3,1107.46
238,2,416.86
63,1,145.35
111,5,404.58
89,14,4703.81
310,1,35.8
133,1,337.44
276,1,325.1
364,1,181.0
82,1,1708.24
7,2,955.24
16,2,364.72
31,4,1765.51
8,2,708.22
33,4,806.57
14,8,1659.3799999999999
23,14,4416.26
31,1,428.89
73,1,104.35
19,2,470.76
16,4,845.64
22,2,418.83
2,3,666.1
303,1,314.1
17,11,3218.85
366,1,307.82000000000005
38,7,3442.15
83,1,371.01
164,2,430.94
16,2,914.33
76,1,1098.78
88,3,2295.18
24,8,3408.48
21,4,1475.02
2,10,2624.07
122,2,1037.42
29,1,168.12
11,6,1097.94
18,1,158.03
43,2,792.11
3,1,41.989999999999995
8,7,2797.57
54,1,427.07
87,6,1060.68
36,5,3089.97
29,5,2735.37
11,4,615.39
210,1,101.4
47,4,1701.94
23,3,478.78
21,4,992.71
245,3,407.5
7,16,3362.71
34,3,1415.29
3,32,16100.62
37,3,662.38
3,3,620.0699999999999
2,8,1508.76
46,1,211.88
38,2,408.90000000000003
46,9,3786.2400000000002
16,3,851.01
259,1,628.28
45,3,719.81
11,1,251.24
29,1,439.65999999999997
42,1,236.09
136,4,380.21999999999997
38,50,23042.19
309,1,331.24
91,2,548.94
5,20,8816.4
195,3,437.7
86,2,728.6800000000001
269,3,855.02
7,3,471.78000000000003
64,3,1313.55
140,2,1487.0
21,5,1197.27
37,4,773.99
119,4,1340.7
372,2,256.44
39,3,1111.79
173,1,129.26
53,1,362.06
32,2,1252.75
144,1,783.9
220,1,134.8
44,1,664.85
15,7,2263.12
65,6,1459.8600000000001
9,4,1153.62
259,1,335.32
364,1,372.09
16,5,1418.19
21,2,852.15
44,1,326.24
287,1,584.3199999999999
296,1,122.39999999999999
2,10,2234.73
283,1,79.2
16,3,893.6
81,2,217.16
55,5,2806.9
100,2,1317.62
298,1,436.18
22,5,981.51
58,5,1121.39
154,2,315.06
114,3,817.86
106,1,17.0
11,4,1078.23
263,1,320.62
239,1,185.04999999999998
87,7,2005.63
49,3,731.9
70,1,1290.7
41,3,1842.14
6,6,1429.64
61,1,302.36
248,1,336.96
65,1,108.38
17,7,2774.56
84,1,842.5
218,2,551.4
44,3,1337.48
142,4,143.9
182,1,161.38
170,1,135.75000000000003
9,8,1667.97
211,1,612.78
189,1,232.21
7,2,423.36
58,4,1309.14
56,2,867.11
72,4,559.62
51,1,307.78
316,1,249.0
366,1,289.35
28,4,6287.77
38,1,656.25
17,5,1880.22
51,6,3506.54
3,33,12318.64
21,2,618.09
262,1,517.55
59,3,709.38
18,3,635.41
65,2,542.3
87,1,620.4
249,1,535.34
2,6,2424.94
246,1,175.2
8,11,3799.4900000000002
156,3,734.13
133,1,375.0
295,1,76.32000000000001
4,2,280.52
42,5,2053.02
268,1,1829.04
49,5,1824.23
8,9,3122.04
15,3,656.69
281,1,348.2
64,2,732.96
1,19,5575.56
251,1,37.4
231,2,856.6
16,3,822.48
10,26,3277.84
7,4,1822.97
50,6,1885.05
58,1,73.2
94,5,1140.21
15,6,1418.32
125,3,551.95
93,4,1037.59
49,1,331.95
137,1,197.9
60,1,215.83
99,8,10254.18
72,1,305.54
71,4,1538.65
66,1,338.71000000000004
63,6,1158.79
16,2,529.41
22,12,4006.94
31,15,6911.4400000000005
44,4,981.86
15,2,215.48
39,1,215.08
2,12,4609.32
236,1,314.45
74,1,400.68100000000004
3,2,1080.6200000000001
2,4,1863.47
360,1,365.27
58,4,592.9
22,1,405.71
30,4,761.38
54,4,537.0600000000001
24,1,394.38
44,2,664.26
88,5,903.98
1,18,5706.38
88,1,547.02
18,2,690.34
78,1,159.0
170,3,1062.75
80,1,242.35
266,1,914.9300000000001
234,2,304.25
29,7,3084.68
36,3,864.86
317,1,846.72
56,4,1295.3
44,5,1096.32
202,3,255.12
224,1,314.22
86,2,1010.6
189,2,542.03
43,4,990.88
70,3,536.6800000000001
40,5,867.31
77,1,432.2
56,2,414.2
23,2,3718.8
9,13,2607.87
7,7,3603.21
33,2,409.1
211,2,1522.75
23,3,1413.66
169,1,114.56
61,1,152.94
52,5,1800.07
260,2,389.44
66,2,3683.86
16,8,2619.91
266,1,752.4300000000001
176,1,46.95
44,5,4800.31
50,1,1035.45
16,4,746.83
8,9,5447.0
73,7,861.89
70,2,667.65
352,1,1141.24
2,5,1429.24
116,1,411.7
372,1,357.95
196,1,559.87
176,1,277.8
99,1,566.38
20,3,1509.58
71,1,1756.78
339,1,168.3
5,5,1570.81
30,2,823.97
169,1,125.22000000000001
121,1,302.25
21,10,2248.9900000000002
9,4,1328.55
268,1,301.9
22,3,598.2
126,1,233.22
25,3,5360.63
138,1,361.21999999999997
213,6,632.27
105,2,706.57
17,2,616.26
2,2,274.15000000000003
330,1,226.37
63,8,2938.91
119,3,1341.65
34,1,328.15
217,1,404.40000000000003
171,2,1038.46
71,5,373.65000000000003
0,2,326.75
195,1,207.50000000000003
127,3,428.68
46,3,594.24
5,14,3110.96
13,6,3844.22
17,3,251.91
27,7,1593.2
191,1,177.60000000000002
36,1,151.05
156,1,214.79999999999998
283,1,109.95
106,1,549.07
24,4,1971.87
74,4,322.41
15,2,370.47999999999996
157,1,101.10000000000001
43,1,575.41
10,2,887.65
31,7,1469.45
290,1,53.5
20,4,1116.47
332,1,153.9
17,2,494.44
3,23,6675.71
62,2,395.8
197,3,211.77
32,3,658.88
0,4,2027.5
6,8,1371.96
4,6,3512.53
9,4,896.66
31,5,734.77
52,1,109.36000000000001
11,2,707.04
17,9,1540.42
18,1,327.3
36,2,804.49
1,2,497.43
17,3,1553.66
81,4,1320.56
32,2,367.93
65,2,473.03000000000003
8,2,987.01
266,1,106.2
246,3,362.95
3,4,2157.4
60,1,752.43
74,2,668.36
89,2,584.5
59,3,555.89
28,2,317.2
322,1,94.36
52,4,1324.47
269,1,221.19
1,13,3046.21
56,5,1383.98
60,5,1486.9
153,2,1705.8
18,2,408.57
94,1,303.93
0,12,3522.3199999999997
264,2,299.6
311,1,177.5
69,1,443.05
301,2,74.85
18,1,163.07
12,10,2126.93
35,5,2028.88
18,2,214.65
53,1,151.83
56,1,262.2
21,2,126.25
43,1,210.35
26,3,1051.4
44,3,675.27
112,6,972.23
16,50,23008.12
24,1,346.12
190,1,133.56
301,1,302.7
1,10,1908.25
262,2,241.06
105,1,284.55
56,1,300.85
212,3,642.81
63,1,143.4
27,1,184.26
28,7,1522.25
5,5,798.35
7,5,3640.67
66,2,381.2
1,3,616.79
45,4,654.67
33,1,230.51
205,1,2.9
135,1,259.01
197,1,188.89000000000001
197,2,707.69
149,1,311.92
87,1,266.97
44,2,6.9
63,7,1841.18
98,5,2158.37
217,1,208.36
2,18,3482.7400000000002
27,3,814.72
177,1,151.42
73,3,136.0
20,4,1422.4
19,3,1314.68
33,7,1603.46
73,1,74.9
23,4,650.43
51,4,762.39
274,1,223.95000000000002
164,3,316.11
6,7,1871.5
87,4,544.3
63,7,2494.46
24,3,331.0
9,2,300.83
75,1,769.29
15,1,220.62
191,1,139.35
173,2,404.3
76,1,363.65
32,3,490.8
46,1,731.5
79,4,1351.63
296,1,826.53
2,3,684.41
8,3,1599.52
49,6,2965.69
160,2,100.97
359,2,365.45
4,6,400.86
106,4,1431.93
24,1,484.38
19,2,90.30000000000001
296,1,363.7
371,1,248.1
21,3,950.26
4,4,874.59
51,5,1540.73
29,1,101.69999999999999
276,1,162.7
60,2,484.32
24,2,215.07999999999998
185,3,1046.57
1,21,9418.470000000001
1,26,10429.45
171,1,290.36
80,1,228.06
3,1,244.41
189,1,455.25
21,7,1244.59
18,3,1095.56
4,1,593.75
109,1,548.97
2,4,1388.81
53,1,119.62
164,1,339.3
290,2,787.15
9,10,4154.64
108,5,2276.29
95,3,737.8
242,2,379.73
162,12,4554.26
41,3,837.1
34,2,285.89
66,7,3313.79
23,2,281.85
0,20,8086.49
26,2,841.41
5,2,511.12
53,1,845.74
363,1,173.7
14,5,614.66
193,2,704.5600000000001
2,1,124.2
14,10,3738.4
26,3,1421.69
126,3,1009.6
84,2,663.61
70,1,451.44
182,1,105.84
112,1,313.62
373,1,233.45
79,2,831.08
248,1,463.95
231,1,225.15
70,3,459.24
68,1,213.5
3,16,4063.28
50,3,330.03
74,1,181.09
60,1,360.16
15,2,250.15
3,1,69.52000000000001
285,1,145.04999999999998
3,6,813.52
40,1,244.79999999999998
35,1,528.08
74,2,482.47
17,14,3330.43
14,7,5493.46
218,1,75.66
185,1,129.49
32,4,1187.66
69,1,618.59
182,1,506.19
14,2,500.42
235,1,151.85
30,5,2647.59
263,1,226.21
3,2,178.96
51,4,813.48
245,1,129.45
80,2,810.5699999999999
274,1,333.08
0,17,3937.9
78,1,322.8
29,5,2188.05
73,2,417.73
16,6,2883.1
222,2,217.9
31,4,1154.47
22,10,1680.72
30,3,1257.51
105,1,231.10000000000002
4,2,688.33
245,1,487.51
177,2,833.78
169,2,214.06
42,1,290.65999999999997
71,1,518.42
58,7,6258.45
15,2,1212.66
140,4,601.27
17,6,3794.52
21,15,3125.0
9,4,933.62
367,1,123.24
188,1,39.12
15,3,810.45
361,1,135.39999999999998
18,1,118.98
67,2,570.13
14,6,306.71999999999997
23,3,1374.8700000000001
16,11,4095.9
35,2,418.35
1,20,7780.9400000000005
54,2,319.61
33,4,1592.1200000000001
2,12,3109.99
365,1,129.75
42,1,183.7
72,6,1770.34
4,5,958.88
3,16,19644.7
60,2,324.24
46,7,3062.83
0,4,1260.86
75,2,370.76
71,2,225.57999999999998
255,2,158.5
68,2,482.01
134,4,657.9000000000001
240,1,112.75
252,1,204.0
8,13,5076.55
8,13,4606.66
0,20,13601.550000000001
36,3,531.35
45,1,656.63
84,5,3029.87
18,10,2483.04
2,5,1620.79
8,11,3645.43
18,15,6610.17
218,3,1161.53
77,1,222.51999999999998
266,2,901.2
23,6,3858.38
368,1,623.75
14,7,1767.74
25,1,155.24
261,1,292.47
16,13,4641.53
90,2,589.15
301,7,781.02
25,5,1382.02
363,1,272.82
45,4,1054.67
37,21,7239.92
51,3,743.11
31,1,603.75
51,3,650.51
78,5,2300.56
297,1,3.75
176,1,323.0
46,1,464.9
28,7,2238.09
10,7,1304.76
86,17,6629.82
4,18,6593.9800000000005
37,2,836.06
17,5,1515.9
44,5,623.93
30,1,515.52
372,1,207.5
57,1,223.92000000000002
113,3,1496.83
214,1,239.4
318,1,106.83000000000001
64,1,369.34000000000003
7,3,789.79
96,1,316.62
19,3,1501.38
198,1,611.85
3,13,2799.25
293,1,34.0
272,2,1145.6
30,11,5391.4800000000005
47,3,478.09000000000003
259,1,380.39
57,5,770.1
32,5,2246.81
56,1,171.59
67,4,661.52
9,11,1695.66
59,1,388.28
79,2,226.35
73,2,245.94
1,22,10629.720000000001
99,2,425.19
371,1,311.25
9,13,2279.9
19,1,107.6
122,2,597.48
7,1,80.8
3,6,1545.6200000000001
28,7,1721.78
281,2,110.38000000000001
56,1,243.84
0,10,1222.71
364,1,414.88
88,1,305.62
10,1,1201.49
162,4,1619.73
64,1,332.3
22,3,536.99
173,2,460.59
102,4,801.49
142,3,1121.59
98,2,288.42
22,5,914.69
191,1,309.54
4,2,547.07
360,1,479.35
7,10,1632.5
13,21,6509.1
102,4,417.06
2,9,1604.75
10,11,3349.57
95,1,497.61
226,1,358.38
15,2,460.64
38,2,602.38
50,1,341.7
92,2,128.5
156,1,197.22
38,1,325.91
183,3,199.15
0,4,1106.53
227,1,413.46
127,2,180.85
39,2,251.87
30,11,3170.98
196,2,588.85
8,34,15308.43
36,6,1869.82
100,3,1264.19
42,16,9946.37
49,1,214.32
42,1,193.44
52,1,281.42
186,1,124.57
333,1,332.41
3,3,342.45
9,2,144.91000000000003
23,2,328.4
14,1,35.400000000000006
368,1,375.69000000000005
144,2,747.81
59,2,173.76
30,2,502.8
140,3,207.73999999999998
22,4,825.42
21,6,2812.34
76,3,198.78
4,6,7030.02
66,5,2095.53
11,6,853.72
83,1,13.3
30,7,1519.08
66,3,705.12
186,2,276.73
37,2,429.84000000000003
14,3,471.51
34,1,194.88
194,3,1578.67
1,5,809.7
0,5,525.54
366,1,145.93
64,1,219.14
298,2,289.78
25,3,508.81
7,6,1281.56
16,3,887.11
115,1,1706.88
28,1,373.24
3,16,3722.95
4,7,3102.43
81,4,579.77
28,5,981.65
71,1,301.38
3,8,1510.06
28,11,2575.38
289,1,113.44
35,1,208.46
8,6,621.6800000000001
23,2,576.26
276,1,391.52
49,6,1068.82
155,11,2596.45
60,1,169.79
11,19,7022.7300000000005
20,3,846.75
370,1,230.25
275,2,139.85
79,17,2847.6
3,7,1295.39
25,3,380.55
4,21,4604.22
52,1,161.94
0,2,563.23
54,2,950.9300000000001
25,1,262.68
8,4,1903.13
51,3,3049.88
12,9,1920.59
211,3,816.73
21,19,4336.86
235,1,406.48
138,3,348.62
3,6,1286.27
56,3,1178.56
134,3,1277.75
108,2,167.61
29,1,20.8
0,9,2085.08
184,4,518.67
17,1,308.74
238,2,416.64
86,1,117.35000000000001
38,3,507.05
115,1,234.17
186,1,110.55000000000001
226,1,169.87
7,7,1616.53
188,1,319.02
3,2,439.43
38,3,633.13
37,1,357.21
266,1,251.51999999999998
77,1,344.33
3,6,1852.0
254,2,845.76
60,1,384.06
12,7,1931.25
87,2,4481.35
16,10,5464.12
29,1,83.2
2,7,1625.05
4,1,126.12
6,6,503.25
218,1,179.0
10,5,1614.31
29,6,1456.96
287,3,702.0
149,4,295.0
22,2,484.82
0,11,3989.57
85,3,1493.73
45,2,1144.74
4,4,781.78
50,6,889.9300000000001
17,1,195.36
29,1,270.9
7,3,586.33
28,3,1842.56
2,20,8546.9
40,2,920.1
10,4,1272.61
30,1,71.0
44,3,95.85
60,3,357.77
184,2,154.82999999999998
78,6,890.29
63,1,146.87
11,2,380.35
85,3,775.74
15,3,745.52
245,2,433.53000000000003
87,1,1267.32
29,1,112.4
137,1,449.73
26,3,1081.57
2,5,1044.3799999999999
31,4,1735.18
24,1,739.6800000000001
112,3,339.44
156,1,642.02
84,3,1100.9
117,3,925.35
2,9,5659.9800000000005
95,6,3228.84
193,1,247.14000000000001
27,1,413.75
130,1,498.48
27,5,1356.33
81,3,1179.89
29,5,3004.32
265,1,81.60000000000001
73,11,5232.2300000000005
313,4,538.37
20,7,1461.14
58,3,859.35
11,21,4552.14
27,9,2709.7000000000003
113,1,312.14
27,9,2429.03
17,4,1446.09
17,4,834.12
35,3,841.0799999999999
35,2,378.2
77,1,118.80000000000001
21,2,287.62
24,2,290.16
32,2,2003.85
108,3,1405.78
34,2,2949.75
122,5,1566.65
6,6,1841.28
27,4,1991.01
3,7,2043.95
2,9,3827.76
49,4,1777.78
321,1,302.0
22,3,1324.16
14,4,1022.13
1,8,954.42
17,2,971.74
9,4,1621.73
261,1,25.5
158,2,665.78
32,6,10009.51
28,6,885.04
164,1,163.29999999999998
46,1,248.61
5,8,808.62
7,3,837.5
287,1,116.19999999999999
317,1,157.02
2,2,606.91
232,1,307.46
118,1,138.32
161,1,345.29999999999995
184,1,298.89
49,1,259.35
151,5,1004.75
334,1,157.09
4,5,2463.17
15,6,2342.2400000000002
106,2,425.0
15,7,1139.73
275,1,380.5
15,12,10668.47
246,1,285.32
238,1,579.0
0,2,912.57
105,3,749.78
22,4,1714.59
51,1,124.88
194,3,446.3
23,1,213.78
74,1,329.34
17,2,251.70000000000002
7,2,319.0
31,3,1266.97
21,3,1538.88
30,6,3518.03
28,10,1715.46
21,2,293.1
32,7,2467.35
283,1,158.68
38,2,206.34
57,2,835.78
288,1,224.91
78,1,317.76
4,8,3766.6
217,1,59.9
43,4,1348.49
201,1,306.13
177,3,711.79
55,4,796.03
56,2,160.72
7,6,3347.31
46,2,144.0
226,1,203.95
10,7,2474.23
105,2,384.40000000000003
58,2,444.74
27,7,2095.13
35,7,1397.6200000000001
273,2,262.62
29,1,1013.01
23,3,692.22
53,1,342.63
35,6,2959.89
174,4,1564.56
53,1,251.6
52,1,204.24
26,8,2317.2200000000003
252,1,226.85
39,7,2781.23
59,6,1069.1200000000001
233,1,113.5
3,10,1960.72
31,1,114.23
23,14,3198.25
6,2,335.13
64,1,354.15
309,2,426.79
308,1,291.49
18,6,939.32
15,8,1906.09
95,2,318.76
263,8,3638.41
11,10,3174.32
2,2,421.52
34,1,190.88
182,1,149.89000000000001
24,2,550.06
12,6,916.13
10,2,314.69
2,17,3744.65
312,1,382.5
107,2,1135.04
0,26,8676.85
52,1,954.9
204,1,171.45
14,1,282.19
119,1,318.65
3,2,384.52
362,1,283.28000000000003
116,2,353.86
17,1,178.26
4,2,272.44
40,2,298.41
106,2,240.0
147,2,603.37
51,5,1253.3600000000001
207,1,63.440000000000005
138,2,562.9
1,3,310.64
126,2,317.62
149,1,35.0
41,4,2148.63
34,1,111.97999999999999
227,2,1065.3500000000001
240,1,246.04
57,1,187.82999999999998
129,3,1074.1299999999999
59,6,1652.58
21,1,153.92
25,7,1064.11
8,7,1419.73
31,3,944.41
3,2,525.24
307,1,550.8000000000001
7,9,1875.1100000000001
28,3,556.95
16,1,131.78
100,2,498.42
11,4,669.11
20,1,197.63
14,5,1135.63
360,1,250.04
10,15,4397.84
94,1,82.75
77,2,1240.85
138,3,593.9
30,1,1765.08
24,8,2472.2400000000002
1,38,6136.74
45,2,963.6
99,3,1200.6200000000001
7,2,700.86
14,7,921.07
17,4,990.23
279,1,96.8
13,2,523.11
22,2,363.9
123,1,175.2
85,1,494.25
301,2,236.82
150,4,2027.8700000000001
16,8,6643.93
93,2,243.36
29,11,12336.01
156,3,781.36
354,1,193.64
45,1,160.57
14,4,537.74
3,15,2676.56
14,5,1159.52
178,1,110.75
7,4,1286.07
35,3,587.15
50,1,838.54
311,1,178.22
23,2,388.14
302,2,365.85
10,1,127.86
16,3,585.79
48,3,488.2
238,2,312.23
0,11,4481.18
12,8,4705.8
237,1,168.4
22,8,1785.47
72,4,446.18
16,3,423.89
40,8,1342.68
39,4,646.92
218,2,495.77
198,3,400.1
70,2,203.2
23,20,4100.92
10,1,404.66
23,16,3151.17
64,1,65.4
3,1,199.29
18,2,336.4
14,1,261.11
7,6,1499.46
19,2,784.11
77,2,191.07999999999998
0,33,25099.48
163,1,101.76
306,2,457.91
218,1,48.349999999999994
38,7,4405.2
21,2,696.41
114,3,653.38
125,5,2129.96
4,13,2633.85
35,1,281.62
3,12,9925.86
0,3,1031.41
332,3,2200.42
162,1,32.65
184,2,771.85
15,5,1214.72
11,3,778.94
2,7,1258.06
184,1,28.0
79,1,507.84
29,7,6893.42
41,2,463.46000000000004
10,12,4226.57
49,3,598.83
15,6,1923.21
45,2,698.41
18,2,759.17
7,6,5037.26
71,1,100.8
0,28,15854.29
127,3,524.9200000000001
32,2,265.76
312,1,403.3
17,2,365.76
87,1,303.15999999999997
1,7,2373.82
1,2,216.29999999999998
253,1,388.45000000000005
156,3,84.42
36,6,2248.56
151,2,2328.62
176,2,120.9
39,2,541.53
1,7,2520.86
7,32,24629.239999999998
0,7,1721.4
17,2,486.71999999999997
191,4,517.53
203,1,131.7
364,1,249.86
126,4,1320.1
14,1,316.5
42,2,657.3
93,6,622.4300000000001
22,3,757.46
59,2,675.69
15,5,1896.41
157,1,248.20000000000002
9,2,763.28
9,2,137.0
15,5,1870.97
44,5,1125.07
190,3,710.29
78,1,194.37
77,1,511.82
3,4,1255.59
64,3,414.04
260,1,396.87
58,2,376.64
0,7,2092.32
0,10,3253.59
247,1,374.57
7,2,497.56
358,1,271.05
75,1,272.22
289,1,622.88
16,3,1138.0
220,2,288.6
8,4,689.1
2,2,558.96
205,9,2997.0299999999997
161,2,1145.84
75,1,302.2
261,2,605.58
280,1,387.31
57,8,6115.14
24,1,308.48
2,30,71615.64
28,9,2073.9500000000003
71,1,513.2
127,1,208.65
30,4,639.02
14,5,768.08
308,1,153.94
16,6,1844.02
53,1,546.81
29,3,723.2099999999999
1,5,1070.71
10,2,314.28000000000003
360,1,145.0
359,1,422.70000000000005
4,4,1195.8999999999999
53,4,939.37
0,8,3628.5
0,10,2385.0
189,1,296.7
53,1,223.36
279,1,164.4
176,1,76.5
29,2,897.62
25,1,98.42
24,2,578.9
269,1,170.75
42,3,645.96
233,1,103.3
23,2,148.86
196,3,267.16
358,1,306.84
59,4,930.41
129,1,237.60000000000002
0,5,1753.45
19,2,483.26
205,1,157.9
13,3,541.46
94,5,854.95
18,1,167.62
13,7,1122.38
23,3,454.01
7,2,901.21
6,8,4099.48
331,1,344.14
49,4,1498.51
70,4,226.75000000000003
28,3,380.6
242,1,185.65
7,19,3622.68
217,1,143.45999999999998
4,3,448.90000000000003
252,3,215.72
0,25,11045.04
235,1,175.27
6,2,1242.3
108,4,1133.07
99,3,1146.96
59,4,2404.17
1,3,1479.22
72,7,2225.9700000000003
3,5,3927.34
84,2,993.18
11,2,388.79
22,7,2462.44
213,1,1983.89
17,1,161.67000000000002
238,1,116.00999999999999
1,6,4850.97
77,1,394.72
216,2,309.36
32,2,193.42
40,5,1112.22
6,15,3984.22
52,6,2048.45
22,14,4559.150000000001
56,1,390.07
129,3,329.6
173,2,244.79999999999998
5,3,971.58
311,1,218.52
59,1,81.44
20,3,1379.9
32,1,527.0500000000001
14,2,843.48
17,4,2047.0
80,1,75.75
5,8,1814.12
169,2,503.59999999999997
1,3,528.33
30,4,1324.84
35,9,2361.9700000000003
18,1,285.56
30,2,547.0600000000001
275,1,108.5
86,1,621.66
119,2,712.29
372,1,101.55
0,11,2895.64
218,3,1008.39
64,1,133.06
60,4,1797.5
137,1,868.49
20,1,166.08
11,10,3945.0
24,12,4867.72
36,4,751.32
276,1,117.55
10,7,2638.94
72,5,1674.69
25,2,548.62
16,12,2999.46
140,1,196.0
25,7,1802.91
18,2,604.64
3,2,728.16
65,5,2055.51
0,2,347.75
42,7,3406.7200000000003
227,1,205.7
15,4,1340.71
49,2,2926.17
1,6,1614.72
73,2,398.4
0,31,20374.28
3,6,1387.68
1,30,16312.83
263,1,298.11
52,2,1941.71
23,1,184.4
9,6,2474.33
43,1,239.41
16,7,2843.53
6,7,5739.46
29,15,4757.95
357,2,290.40000000000003
126,4,740.9399999999999
136,1,200.47
141,1,283.12
131,2,765.34
37,8,2285.71
235,1,338.95
260,1,154.95
16,4,2534.64
252,1,417.95
29,4,1824.37
34,3,798.74
168,2,885.19
2,9,1823.52
3,17,10504.49
184,2,152.4
187,2,267.08
169,1,137.45
10,2,385.1
44,1,522.91
320,1,153.0
22,11,5655.99
231,1,139.35
37,15,5396.04
25,4,1195.94
95,4,2118.04
172,4,1201.4
70,3,1033.0
15,11,3439.08
14,1,1060.25
3,3,2876.01
2,13,5298.4800000000005
78,4,1240.11
372,1,303.97
38,2,692.19
53,3,700.63
1,19,13110.02
8,3,377.44
8,2,168.24
18,4,1879.05
11,7,2447.91
112,2,355.11
3,6,2304.4
239,1,110.25
112,1,71.4
177,2,674.52
4,9,1797.57
0,5,1763.62
0,30,5353.29
18,8,3456.7000000000003
16,3,834.99
21,2,287.59
32,1,712.78
262,1,15.0
50,2,818.8199999999999
158,3,371.88
14,1,271.2
7,3,2273.1800000000003
12,10,3997.98
198,5,1143.27
56,2,245.81
10,2,182.77
96,4,1225.41
254,1,56.4
24,3,665.86
20,3,658.57
158,2,188.02
71,2,283.47
52,1,131.94
84,2,278.74
152,4,1865.19
73,2,291.7
280,1,225.9
26,14,1965.55
29,1,106.1
24,1,323.04
179,2,350.39
39,4,697.9
21,3,780.43
21,10,3055.93
36,9,1199.01
81,3,1285.04
73,1,327.99
10,1,546.04
15,12,5007.27
3,39,7837.7300000000005
12,4,732.16
13,5,1770.8799999999999
36,4,36.56
3,3,387.68
71,7,3704.87
50,1,256.64
4,5,1995.46
22,4,1820.09
298,1,889.24
1,3,398.7
32,1,35.400000000000006
49,1,155.37
2,3,350.64
46,1,110.21000000000001
41,8,1593.38
26,5,2723.62
41,1,338.8
1,124,40686.37
302,1,205.48
106,1,51.559999999999995
80,9,901.1999999999999
217,4,605.8000000000001
371,34,5391.21
11,2,114.34
184,2,311.26
372,1,208.97
1,4,678.83
3,8,1071.06
5,10,3523.66
304,1,148.21
368,1,252.8
2,8,2100.8
323,1,330.9
58,6,3066.4
12,3,597.5
30,20,10526.32
142,1,329.65
29,6,635.5
106,5,428.18
1,11,1567.95
204,1,155.9
79,5,1859.16
184,6,683.46
169,1,237.61
43,1,379.45
173,1,178.51999999999998
364,1,458.92
303,1,133.35000000000002
2,4,671.77
3,4,717.45
11,1,190.19
31,3,899.61
128,1,111.35
37,7,622.73
211,2,203.87
322,2,602.09
161,1,203.85999999999999
55,3,244.1
224,1,112.25
71,8,1119.81
43,1,98.0
172,3,566.6
84,2,152.06
158,1,155.8
189,2,112.19999999999999
28,1,110.38
20,1,191.67
156,3,618.99
246,1,72.9
373,1,243.28
8,1,366.23
309,5,311.01
58,2,411.6
3,1,336.43
44,3,341.28
87,1,1304.04
3,17,4143.62
63,4,826.52
281,1,207.50000000000003
11,7,2740.5
372,1,244.08
132,2,397.29
44,2,212.54
10,4,843.0
35,5,1394.88
133,2,408.36
28,3,1331.57
51,2,704.25
137,2,145.79
4,1,389.84
8,7,4301.22
159,1,99.14
130,1,139.2
7,1,77.50000000000001
232,2,149.57999999999998
36,1,176.68
7,12,4720.0199999999995
71,3,482.2
39,3,1008.5400000000001
4,12,2211.76
218,3,394.1
248,1,12.75
65,1,111.68
116,1,508.4599999999999
170,1,73.78
20,39,1296.44
141,1,102.83
31,2,471.7
37,14,2622.57
150,4,594.43
371,1,123.07
373,1,277.35
165,2,228.2
210,1,480.59
241,1,136.04
51,1,337.04
24,3,740.79
14,13,4488.81
371,1,353.19
28,1,288.14
364,1,145.4
35,4,757.71
165,3,684.25
144,1,152.68
21,1,634.95
55,1,20.8
184,1,198.57
11,7,201.12
236,3,630.84
224,2,93.35
121,4,678.49
281,1,23.6
73,8,1915.47
36,2,382.06
11,2,417.23
361,1,169.47
3,2,249.72
22,1,444.68
69,5,343.45
234,1,257.34
256,1,174.8
372,1,102.78999999999999
154,2,187.29
27,1,166.42
3,1,120.03
31,5,1483.56
80,3,523.0
107,2,122.14
51,1,38.45
35,1,668.11
152,2,389.78
98,1,115.31
3,2,230.64999999999998
333,1,73.5
64,1,97.97
21,2,422.88
35,3,730.4
31,3,405.62
153,6,70.02
18,2,357.20000000000005
11,21,4183.39
53,1,165.04999999999998
24,3,559.51
3,10,2088.6
44,1,189.4
202,2,172.29000000000002
358,1,74.4
70,1,300.02
6,10,6784.1900000000005
287,1,363.65
9,1,170.16
22,3,306.46
21,10,1706.13
172,3,720.52
132,2,814.0
5,14,2392.83
74,1,318.0
39,1,396.33
288,1,101.69999999999999
25,5,2036.67
257,2,453.0
185,1,247.44
113,12,2147.6
373,1,489.6
22,10,2611.75
7,11,2633.0099999999998
216,2,336.13
44,4,1978.59
35,3,343.45
25,1,703.37
329,2,689.95
273,1,101.34
60,1,167.67000000000002
1,11,7778.26
92,4,2027.3200000000002
81,6,2384.3
312,2,509.85
11,3,911.15
7,6,2683.4
126,1,168.31
10,2,223.65
0,35,42637.36
36,1,754.64
37,1,113.48000000000002
329,1,430.7
253,1,271.0
1,26,7184.65
19,1,236.3
11,2,352.69
368,1,76.32000000000001
289,1,220.1
67,8,1373.57
25,1,320.72
10,26,5653.82
367,1,181.12
213,1,111.15
148,2,673.1
7,6,1826.21
23,2,589.4399999999999
29,4,1142.99
60,1,206.82999999999998
18,3,348.73
242,1,112.55000000000001
14,3,1059.39
28,5,681.9100000000001
62,3,784.33
294,1,152.65
17,6,5948.34
156,2,443.28000000000003
116,2,1000.16
30,11,1728.75
12,4,2861.55
140,2,160.35000000000002
45,2,179.33999999999997
50,3,612.0799999999999
31,3,566.58
134,2,653.35
2,2,399.19
74,3,371.62
12,2,734.94
8,2,453.4
300,1,530.15
56,2,638.0600000000001
14,5,1618.69
36,1,399.65000000000003
176,1,177.66
22,3,1384.8600000000001
175,6,1169.94
60,1,202.65
32,3,980.31
58,5,1231.31
14,17,5929.68
86,4,1728.1200000000001
6,1,104.0
357,1,476.35
30,6,1341.42
128,4,1590.81
8,6,1732.69
4,6,1843.75
23,1,382.8
226,2,632.07
14,1,49.8
248,1,304.25
14,3,1749.04
77,2,1090.24
191,2,284.46000000000004
261,1,207.79999999999998
71,1,957.97
164,1,243.76
81,1,713.2
94,2,689.13
3,17,3797.4
105,1,163.8
199,3,1396.99
156,1,160.42000000000002
70,3,1993.7
35,2,517.36
28,1,139.10000000000002
1,6,2621.38
25,5,600.07
325,1,248.42
236,1,232.48000000000002
88,1,299.34000000000003
30,1,481.75
28,2,621.75
210,2,662.08
2,10,2069.77
21,5,1041.61
92,1,443.0
4,14,6484.54
263,1,158.95000000000002
2,12,5509.12
43,11,5228.05
217,1,93.75
56,2,779.9
11,20,7276.900000000001
8,7,2810.2000000000003
191,5,2083.27
81,4,592.97
325,1,440.0
71,3,1796.48
29,6,882.24
2,5,987.1
218,5,1561.6100000000001
45,1,422.58
9,17,2073.09
71,4,2232.4900000000002
6,7,2567.06
23,2,596.1
122,2,804.02
16,1,95.34
309,1,349.27
86,1,306.0
50,2,526.67
88,1,103.3
38,8,2337.63
24,3,2338.6000000000004
172,6,2643.2000000000003
42,2,324.24
139,1,149.48
25,3,1213.1599999999999
71,2,801.51
133,1,25.5
365,1,168.6
37,2,283.15
2,6,3078.58
1,3,204.0
29,1,175.92
43,1,335.86
57,1,110.38
73,1,173.9
277,1,180.60000000000002
180,1,80.82
7,2,178.05
3,16,2094.88
42,3,1837.28
